pointid;plz;ort;strasse;zusatztext;gefoerdert_jahr;note1;note2;bundesland;Breitenangabe;Längenangabe;;
1;2282;Markgrafneusiedl;Sportplatzweg;bei der Sportanlage;2002;Abenteuerspielplatz;Abenteuerspielplatz,2282, Markgrafneusiedl;N;48.272.495;16.624.964;;
2;2524;Teesdorf;;beim Bruno Seitz Wohnpark;;Abenteuerspielplatz;Abenteuerspielplatz,2524, Teesdorf;N;47.951.091;16.285.263;;
3;3945;Hoheneich;Sportplatzgasse 381;bei der Sportanlage;2005;Abenteuerspielplatz Hoheneich;Abenteuerspielplatz Hoheneich,3945, Hoheneich;N;48.771.322;15.020.740;;
4;3602;Rossatz-Hofarnsdorf;;in der Nähe der Kirche und Volksschule;2002;Kinderspielplatz Hofarnsdorf;Kinderspielplatz Hofarnsdorf,3602, Rossatz-Hofarnsdorf;N;48.396.184;15.429.421;;
5;3300;Amstetten;Friedrich Ludwig Jahn Strasse 10;neben Jahnturnhalle;2006;Barrierefreier Spielplatz;Barrierefreier Spielplatz,3300, Amstetten;N;48.120.407;14.868.363;;
6;4441;Behamberg;Nr. 38;anschließend an Schulhof der Volksschule;2003;Behambi-Land;Behambi-Land,4441, Behamberg;N;48.034.654;14.496.535;;
7;2291;Lassee;Am Holzgarten;;2002;Bittnerpark;Bittnerpark,2291, Lassee;N;48.223.585;16.825.078;;
8;2602;Blumau;In der Kasinostraße;;2004;Blumauer Spielplatz;Blumauer Spielplatz,2602, Blumau;N;47.916.999;16.286.477;;
9;3610;Weißenkirchen i.d.Wachau/Joching;;;2006;Erlebnisspielplatz;Erlebnisspielplatz,3610, Weißenkirchen i.d.Wachau/Joching;N;48.392.129;15.467.751;;
10;3922;Groß Gerungs;Großschönau 20;;;Erlebnisspielplatz;Erlebnisspielplatz,3922, Groß Gerungs;N;48.653.206;14.942.604;;
11;3922;Großschönau;Großschönau 120;;;Erlebnisspielplatz;Erlebnisspielplatz,3922, Großschönau;N;48.651.339;14.939.263;;
12;3961;Waldenstein;Nr. 65;im Dorfanger neben dem Vereinshaus;2005;Erlebnisspielplatz Albrechts;Erlebnisspielplatz Albrechts,3961, Waldenstein;N;48.728.783;15.016.145;;
13;2851;Krumbach;;beim Landschaftssee;2003;Erlebnisspielplatz Entenfuss;Erlebnisspielplatz Entenfuss,2851, Krumbach;N;47.519.689;16.191.994;;
14;3580;Horn;Frauenhofnerstraße;;2003;Erlebnisspielplatz im Stadtpark;Erlebnisspielplatz im Stadtpark,3580, Horn;N;48.664.204;15.650.846;;
15;3350;Haag;;am Salaberg;;Erlebnisspielplatz im Tierpark Haag;Erlebnisspielplatz im Tierpark Haag,3350, Haag;N;48.098.618;14.553.947;;
16;2135;Neudorf bei Staatz;;bei der Sportanlage, am Ortsende Richtung Zlabern;2004;Erlebnisspielplatz Sonnengarten;Erlebnisspielplatz Sonnengarten,2135, Neudorf bei Staatz;N;48.718.364;16.499.817;;
17;4431;Haidershofen;Vestenthal 117a;;2005;Erlebnisspielplatz Vestenthal;Erlebnisspielplatz Vestenthal,4431, Haidershofen;N;48.075.283;14.512.104;;
18;3353;Biberbach;;im Energieforscherdorf Biberbach, Sportzentrum Biberbach;2003;Erlebnis-Waldspielplatz;Erlebnis-Waldspielplatz ,3353, Biberbach;N;48.033.972;14.712.375;;
19;3970;Moorbad Harbach;Lauterbach Nr. 11;gegenüber dem FF-Haus, vor dem Bauernmuseum Lauterbach;2004;Gemeindespielplatz Lauterbach;Gemeindespielplatz Lauterbach,3970, Moorbad Harbach;N;48.708.285;14.795.705;;
20;2544;Leobersdorf;Dornauerstraße;Entlang der Triesting;;Generationenspielplatz;Generationenspielplatz,2544, Leobersdorf;N;47.929.448;16.224.582;;
21;2340;Mödling;Jägerhausgasse 1;;2005;Integrationsspielplatz Vorderbrühl;Integrationsspielplatz Vorderbrühl,2340, Mödling;N;48.080.744;16.265.246;;
22;3543;Krumau am Kamp;;;2006;Kinderparadies Preinreichs;Kinderparadies Preinreichs,3543, Krumau am Kamp;N;48.589.679;15.443.111;;
23;2230;Gänserndorf;;zwischen Seegasse und Protteser Straße sowie Bauhofgasse;2003;Kinderpark;Kinderpark,2230, Gänserndorf;N;48.344.684;16.722.510;;
24;2144;Altlichtenwarth;Teichgasse;;2002;Kinderspielplatz;Kinderspielplatz,2144, Altlichtenwarth;N;48.645.807;16.789.438;;
25;2295;Weiden an der March;;;2006;Kinderspielplatz Zwerndorf;Kinderspielplatz Zwerndorf,2295, Weiden an der March;N;48.342.825;16.834.274;;
26;3372;Blindenmarkt;;;2006;Erlebnisspielplatz;Erlebnisspielplatz,3372, Blindenmarkt;N;48.125.409;14.979.148;;
27;3522;Lichtenau;Siedlung Lichtenau;im Westen der Siedlung Lichtenau;2002;Kinderspielplatz Lichtenau;Kinderspielplatz Lichtenau,3522, Lichtenau;N;48.499.523;15.391.527;;
28;2410;Hainburg an der Donau;Donaulände 5;;2003;Kinderspielplatz Spelitzpark;Kinderspielplatz Spelitzpark,2410, Hainburg an der Donau;N;48.150.880;16.944.553;;
29;3321;Ardagger Markt;;direkt neben der Kirche in Stephanshart;2005;Kinderspielplatz Stephanshart;Kinderspielplatz Stephanshart,3321, Ardagger Markt;N;48.157.645;14.816.734;;
30;3550;Langenlois;Pfarrplatz;direkt neben der Kirche in Zöbing;2003;Kinderspielplatz Zöbing;Kinderspielplatz Zöbing,3550, Langenlois;N;48.492.036;15.694.997;;
31;3643;Maria Laach am Jauerling;Maria Laach Nr. 70;hinter der Volksschule bzw. Kindergarten;2004;Kinderspielträume;Kinderspielträume,3643, Maria Laach am Jauerling;N;48.301.650;15.345.215;;
32;3484;Grafenwörth;Am Anker;Hofgartensiedlung;2002;Kinderwelt Grafenwörth;Kinderwelt Grafenwörth,3484, Grafenwörth;N;15.345.215;15.780.327;;
34;3602;Oberarnsdorf;;direkt am rechten Donauufer am westlichen Ortsende von Oberarnsdorf, neben Donau - Radweg;;Kleinkinderspielplatz;Kinderspielplatz Oberarnsdorf,3602, Oberarnsdorf;N;48.353.734;15.411.053;;
35;3710;Ziersdorf;Kürnbachstraße;Entlang des Radweges;;Kürnbachspielplatz;Kürnbachspielplatz,3710, Ziersdorf;N;48.531.594;15.934.126;;
36;3495;Rohrendorf;Obere Hauptstraße 6;;2006;Maximundus;Maximundus,3495, Rohrendorf;N;48.419.126;15.656.812;;
37;3601;Dürnstein;;neben Fußballplatz Dürnstein, Nähe Kuenringerbad Dürnstein;2005;Naturnaher Kinderspielplatz;Naturnaher Kinderspielplatz,3601, Dürnstein;N;48.387.097;15.526.506;;
38;2824;Seebenstein;Hauptstraße 1;vis-a-vis Gemeindeamt, Eingang Naturpark;2002;Naturnaher Spielplatz;Naturnaher Spielplatz,2824, Seebenstein;N;47.698.988;16.144.205;;
39;3243;St.Leonhard am Forst;Hauptplatz 1;im Schlosspark;2004;Naturnaher Spielplatz im Schlosspark;Naturnaher Spielplatz im Schlosspark,3243, St.Leonhard am Forst;N;48.142.658;15.285.345;;
40;3580;St. Bernhard;St. Bernhard 56;;2002;Naturnaher Spielplatz St. Bernhard;Naturnaher Spielplatz St. Bernhard,3580, St. Bernhard;N;48.686.806;15.598.090;;
41;2522;Oberwaltersdorf;Fabrikstraße;;;Naturspielplatz;Naturspielplatz,2522, Oberwaltersdorf;N;47.978.899;16.320.037;;
42;3331;Kematen an der Ybbs;;im Rückstaubereich des Kraftwerkes Dorfmühle gelegen;2003;Naturspielplatz beim Ybbs-Naturbad Kematen;Naturspielplatz beim Ybbs-Naturbad Kematen,3331, Kematen an der Ybbs;N;48.028.479;14.773.292;;
43;2822;Erlach;Hauptstraße 97;neben Wohnhausanlage Brunn;2002;Robinson Erlebnisspielplatz;Robinson Erlebnisspielplatz,2822, Erlach;N;47.725.995;16.190.597;;
44;3003;Gablitz;Hauersteigstraße ;im Waldbereich;2006;Robinsonspielplatz;Robinsonspielplatz,3003, Gablitz;N;48.226.108;16.143.832;;
45;3701;Großweikersdorf;;Kugelbergweg;2002;Robinsonspielplatz;Robinsonspielplatz Kinderspielplatz,3701, Großweikersdorf;N;48.467.419;15.978.842;;
46;2172;Schrattenberg;;im Ortsteil Zwölfquanten;2003;Schrattenberger Spielparadies;Schrattenberger Spielparadies,2172, Schrattenberg;N;48.724.138;16.722.201;;
47;2452;Mannersdorf am Leithagebirge;;;2004;Spielplatz Am Stadtpark;Spielplatz Am Stadtpark,2452, Mannersdorf am Leithagebirge;N;47.976.634;16.611.133;; 
48;3580;Mödring/Pernegg;;zwischen Mödring und Pernegg, 5 km nördlich von Horn, direkt an der B4,neben Gastwirtschaft, www.gallien.at;;Spielplatz Gallien 1;Spielplatz Gallien 1,3580, Mödring/Pernegg;N;48.712.475;15.657.241;;
49;2823;Pitten;;in Leiding am Mittereck;2005;Spielplatz Häußchen klein steht nicht allein;Spielplatz Häußchen klein steht nicht allein,2823, Pitten;N;47.696.614;16.192.554;;
50;2020;Hollabrunn;;am Anger in der KG Altenmarkt im Thale;2005;Spielplatz Altenmarkt;Spielplatz Altenmarkt,2020, Hollabrunn;N;48.580.496;16.192.652;;
51;3250;Bodensdorf;;Wieselburg, zwischen Aigner Teich und kleinen Erlauf;2001;Spielplatz am Aigner Teich;Spielplatz am Aigner Teich,3250, Bodensdorf, Wieselburg - Land;N;48.118.524;15.122.770;;
52;2152;Gnadendorf;Nr. 106;direkt im Anschluss an die Volksschule;2003;Spielplatz am Anger;Spielplatz am Anger,2152, Gnadendorf;N;48.615.016;16.398.320;;
53;3224;Mitterbach am Erlaufsee;Hauptstraße 9;;2002;Spielplatz am Dorfplatz;Spielplatz am Dorfplatz,3224, Mitterbach am Erlaufsee;N;47.813.613;15.294.227;;
54;2763;Muggendorf;Am Kirchensteig;;2006;Spielplatz am Kirchensteig;Spielplatz am Kirchensteig,2763, Muggendorf;N;15.294.227;15.939.796;;
55;2372;Gießhübl;Perlhofgasse 2b;;2004;Spielplatz am Perlhof;Spielplatz am Perlhof,2372, Gießhübl;N;48.098.903;16.254.133;;
56;2751;Matzendorf-Hölles;;Entlang des Erlenweges;2005;Spielplatz am Rodelberg;Spielplatz am Rodelberg,2751, Matzendorf-Hölles;N;47.892.796;16.226.180;;
57;2571;Altenmarkt an der Triesting;Nr. 125;neben Kindergarten;2004;Spielplatz am Sportplatz;Spielplatz am Sportplatz,2571, Altenmarkt an der Triesting;N;48.014.910;16.000.806;;
58;3130;Herzogenburg;Auring 13;;2004;Spielplatz am Sportplatzgelände;Spielplatz am Sportplatzgelände,3130, Herzogenburg;N;48.287.496;15.700.440;;
59;3454;Sitzenberg-Reidling;;;2004;Spielplatz am Teichgelände;Spielplatz am Teichgelände,3454, Sitzenberg-Reidling;N;48.318.925;15.808.567;;
60;3041;Asperhofen;Tullner Straße Nr. 8;in der Johannesgasse, zwischen Johannesgasse und Tullner Straße neben Gasthaus Fenzl;2004;Spielplatz Asperhofen;Spielplatz Asperhofen,3041, Asperhofen;N;48.244.686;15.927.003;;
61;2214;Auersthal;Sportring 16-18;;2002;Spielplatz Auersthal;Spielplatz Auersthal,2214, Auersthal;N;48.380.392;16.628.949;;
62;2680;Semmering;;direkt auf der Passhöhe bei Schilift;2002;Spielplatz auf der Passhöhe;Spielplatz auf der Passhöhe,2680, Semmering;N;47.632.694;15.828.949;;
63;3142;Weißenkirchen/Perschling;Weißenkirchnerstraße 5;;2006;Spielplatz auf der Sportanlage;Spielplatz auf der Sportanlage,3142, Weißenkirchen/Perschling;N;48.261.530;15.795.084;;
64;2540;Bad Vöslau;Am Viertelgraben;;2003;Spielplatz Bad Vöslau;Spielplatz Bad Vöslau,2540, Bad Vöslau;N;47.961.488;16.222.984;;
65;3861;Eggern;;zwischen Tennisplatz u. Badeteich;;Spielplatz bei Badeteich;Spielplatz bei Badeteich,3861, Eggern;N;48.912.194;15.138.941;;
66;3863;Reingers;Reingers 106;direkt neben Campingplatz;;Spielplatz bei Campingplatz;Spielplatz bei Campingplatz,3863, Reingers;N;48.966.405;15.153.024;;
67;2500;Krainerhütte bei Baden;Helenental 41;;;Spielplatz bei Krainerhütte;Spielplatz bei Krainerhütte,2500, Krainerhütte bei Baden;N;48.022.816;16.165.802;;
68;3345;Göstling an der Ybbs;;;2006;Spielplatz beim Flussbad im Park;Spielplatz beim Flussbad im Park,3345, Göstling an der Ybbs;N;47.810.490;14.933.504;;
69;2770;Gutenstein;Hauptstraße 86;beim Schwimmbad;2003;Spielplatz beim Schwimmbad;Spielplatz beim Schwimmbad,2770, Gutenstein;N;47.876.776;15.891.037;;
70;2871;Zöbern;Schulstraße 5;;2003;Spielplatz beim Teich;Spielplatz beim Teich,2871, Zöbern;N;47.523.675;16.130.840;;
71;2724;Hohe Wand;Kleine Kanzel Straße 118;;;Spielplatz beim Wiener Neustädter Haus;Spielplatz beim Wiener Neustädter Haus,2724, Hohe Wand;N;47.835.442;16.015.867;;
72;2275;Bernhardsthal;Am Teich Nr. 222;bei der Raststation;2004;Spielplatz Bernhardsthal;Spielplatz Bernhardsthal,2275, Bernhardsthal;N;48.691.911;16.875.370;;
73;2020;Hollabrunn;Brunnthalgasse;zwischen Brunnthalgasse und Castelligasse;2003;Spielplatz Castelligasse;Spielplatz Castelligasse,2020, Hollabrunn;N;48.566.176;16.075.555;;
74;3813;Dietmanns;;im ehemaligen Schielpark, Ecke Hauptstraße/Dorfstraße;2003;Spielplatz Dietmanns;Spielplatz Dietmanns,3813, Dietmanns;N;48.794.578;15.383.455;;
75;3843;Dobersberg;Hohenauer Straße;bei Freizeitanlage Dobersberg;2002;Spielplatz Dobersberg;Spielplatz Dobersberg,3843, Dobersberg;N;48.917.494;15.316.724;;
76;3950;Ehrendorf;Flurgasse;Flurgasse am Ortsende von Ehrendorf;2004;Spielplatz Ehrendorf;Spielplatz Ehrendorf,3950, Ehrendorf;N;48.756.287;14.963.358;;
77;3253;Erlauf;;;2005;Spielplatz Erlauf;Spielplatz Erlauf,3253, Erlauf;N;48.181.262;15.182.345;;
78;3153;Eschenau;Hauptstraße 17;;2004;Spielplatz Eschenau;Spielplatz Eschenau,3153, Eschenau;N;48.050.528;15.568.360;;
79;3324;Euratsfeld;Birkenstraße;;2002;Spielplatz Euratsfeld;Spielplatz Euratsfeld,3324, Euratsfeld;N;48.079.671;14.934.319;;
80;3903;Echsenbach;Feldgasse;;2006;Spielplatz Feldgasse;Spielplatz Feldgasse,3903, Echsenbach;N;48.717.808;15.212.696;;
81;3830;Hollenbach;;Best Trip Camp Hollenbach, 300 m südlich von Hollenbach. Diese Anlage ist kostenplichtig und die Benutzung ist nur mit Anmeldung möglich. 02842/52561-12 (Büro);;Spielplatz Freizeitanlage Hollenbach;Spielplatz Freizeitanlage Hollenbach,3830, Hollenbach;N;48.827.886;15.325.084;;
82;3393;Zelking-Matzleinsdorf;In Gassen;;2003;Spielplatz Gassen;Spielplatz Gassen,3393, Zelking-Matzleinsdorf;N;48.183.819;15.261.212;;
83;2852;Grametschlag;;;;Spielplatz Grametschlag;Spielplatz Grametschlag,2852, Grametschlag;N;47.440.256;16.172.590;;
84;2034;Großharras;Nr. 114;;2004;Spielplatz Großharras;Spielplatz Großharras,2034, Großharras;N;48.666.615;16.248.926;;
85;3423;St.Andrä-Wördern;Feldgasse 67a;;2005;Spielplatz Hadersfeld;Spielplatz Hadersfeld,3423, St.Andrä-Wördern;N;48.337.211;16.266.422;;
86;2133;Hagenberg;Hagenberg 68;direkt im Ort;2002;Spielplatz Hagenberg;Spielplatz Hagenberg,2133, Hagenberg;N;48.633.199;16.450.563;;
87;3860;Heidenreichstein;Litschauerstraße 18;angrenzend an ehemalige Anderswelt;;Spielplatz Heidenreichstein;Spielplatz Heidenreichstein,3860, Heidenreichstein;N;48.873.677;15.120.046;;
88;3192;Hohenberg;;in Hinterberg;2004;Spielplatz Hinterberg;Spielplatz Hinterberg,3192, Hohenberg;N;47.905.637;15.642.521;;
89;2371;Hinterbrühl;;;2005;Spielplatz Hinterbrühl;Spielplatz Hinterbrühl,2371, Hinterbrühl;N;48.090.131;16.238.928;;
90;3430;Tulln/Erholungspark;Donaulände 78;;;Spielplatz im Aubad Tulln;Spielplatz im Aubad Tulln,3430, Tulln/Erholungspark;N;48.332.564;16.063.390;;
91;3341;Ybbsitz;Hammerschmiedstraße;an der Schmiedemeile;2006;Spielplatz im Dr. Meyer-Park;Spielplatz im Dr. Meyer-Park,3341, Ybbsitz;N;47.945.101;14.897.162;;
92;2170;Poysdorf;Laaerstraße 106;;2003;Spielplatz im Freizeitzentrum;Spielplatz im Freizeitzentrum ,2170, Poysdorf;N;48.665.200;16.613.292;;
93;3251;Purgstall an der Erlauf;Parkgasse 21-23;;2003;Spielplatz im Gemeindepark;Spielplatz im Gemeindepark,3251, Purgstall an der Erlauf;N;48.060.703;15.135.196;;
94;2054;Haugsdorf;Leopold Leuthnerstraße;im Kaiserpark, vorbeiführende Straße ist Leopold Leuthnerstraße;2004;Spielplatz im Kaiserpark;Spielplatz im Kaiserpark,2054, Haugsdorf;N;48.709.403;16.074.350;;
95;3340;Waidhofen a.d.Ybbs;Oberer Stadtplatz 28;;;Spielplatz im Naturpark Buchenberg;Spielplatz im Naturpark Buchenberg,3340, Waidhofen a.d.Ybbs;N;47.961.109;14.774.577;;
96;2381;Laab im Walde;Hauptstraße 38;;2005;Spielplatz im Pfarrgarten;Spielplatz im Pfarrgarten,2381, Laab im Walde;N;48.156.108;16.174.618;;
97;3900;Großhaselbach;Pfarrhof Nr. 2;hinter der Kirche, im Pfarrgarten in Großhaselbach;2004;Spielplatz im Pfarrgarten;Spielplatz im Pfarrgarten,3900, Großhaselbach;N;48.725.813;15.282.797;;
98;2361;Laxenburg;Schlosspark 1;im Schlosspark Laxenburg;2002;Spielplatz im Schlosspark;Spielplatz im Schlosspark,2361, Laxenburg;N;48.063.729;16.361.162;;
99;3452;Atzenbrugg;Schloßplatz 1;;2005;Spielplatz im Schloßpark;Spielplatz im Schloßpark,3452, Atzenbrugg;N;48.292.451;15.905.820;;
100;2320;Schwechat;;im Stadtpark Schwechat;;Spielplatz im Stadtpark;Spielplatz im Stadtpark,2320, Schwechat;N;48.205.066;16.379.818;;
101;3812;Groß Siegharts;;Spielplatz direkt im Stadtpark;2002;Spielplatz im Stadtpark;Spielplatz im Stadtpark,3812, Groß Siegharts;N;48.790.388;15.406.804;;
102;3331;Allhartsberg;Markt Nr. 50;direkt neben der Schule;2004;Spielplatz in Allhartsberg;Spielplatz in Allhartsberg,3331, Allhartsberg;N;48.026.572;14.793.730;;
103;3712;Maissau;Horner Bundesstraße;in der Amethyst Welt Maissau;2003;Spielplatz in der Amethystwelt Maissau;Spielplatz in der Amethystwelt Maissau,3712, Maissau;N;48.579.981;15.813.536;;
104;3072;Kasten;Nr 17;in der Nordsiedling, oberhalb der Volksschule Kasten;2002;Spielplatz in Kasten;Spielplatz in Kasten,3072, Kasten;N;48.153.843;15.780.748;;
105;2224;Sulz im Weinviertel;Nr. 21;hinter dem Gemeindeamt;2004;Spielplatz in Obersulz;Spielplatz in Obersulz,2224, Sulz im Weinviertel;N;48.503.440;16.672.755;;
106;3910;Zwettl;;neben Altstadt;;Spielplatz in Promenade;Spielplatz in Promenade,3910, Zwettl;N;48.604.207;15.165.613;;
107;3062;Kirchstetten;Totzenbach 10;neben der Schule;2005;Spielplatz in Totzenbach;Spielplatz in Totzenbach,3062, Kirchstetten;N;48.204.097;15.809.116;;
108;2440;Gramatneusiedl;Kaiseraugasse;grenzt an Kaiseraugasse, neben Kindergarten;2005;Spielplatz Kaiserau;Spielplatz Kaiserau,2440, Gramatneusiedl;N;48.027.856;16.491.333;;
109;2813;Kaltenberg;Spielplatz Kaltenberg<br>Kaltenberg 19;neben Gasthof Neumüller;2005;Spiellandschaft Lichtenegg - Kaltenberg;Spiellandschaft Lichtenegg - Kaltenberg,2813, Kaltenberg;N;47.614.701;16.181.512;;
110;3481;Fels am Wagram;Kapellenweg;;2005;Spielplatz Kapellenweg;Spielplatz Kapellenweg,3481, Fels am Wagram;N;48.434.465;15.831.546;;
111;3141;Kapelln;Marktgasse 1;1 Teil direkt auf der Sportanlage Leopold Figl Platz, 2. Teil neben Tennisanlage;2003;Spielplatz Kapelln (Spiellandschaft);Spielplatz Kapelln (Spiellandschaft),3141, Kapelln;N;48.258.095;15.757.021;;
112;2130;Mistelbach;;Nordwestlich der Pfarrkirche St.Martin;2004;Spielplatz Kirchenberg;Spielplatz Kirchenberg,2130, Mistelbach;N;48.570.693;16.565.049;;
113;3465;Königsbrunn/Wagram;;direkt neben der Volksschule;2006;Spielplatz Königsbrunn;Spielplatz Königsbrunn,3465, Königsbrunn/Wagram;N;48.420.317;15.943.019;;
114;2232;Deutsch-Wagram;Wilhelm Kress-Gasse;Ecke Leopold Kunschak-Gasse;2005;Spielplatz Kreuzwiese;Spielplatz Kreuzwiese,2232, Deutsch-Wagram;N;48.313.988;16.578.662;;
115;3671;Marbach/Donau;;;2006;Spielplatz Krummnussbaum;Spielplatz Krummnussbaum,3671, Marbach/Donau;N;48.217.818;15.163.219;;
116;2064;Wulzeshofen, Laa/Thaya;;;2003;Spielplatz Wulzeshofen;Spielplatz Wulzeshofen,2064, Wulzeshofen, Laa/Thaya;N;48.718.794;16.302.523;;
117;2136;Laa an der Thaya;Gärtnerstraße 33;in der Gartenanlage des Landespflegeheimes;2006;Spielplatz Landespflegeheim Laa;Kinder- und Seniorenspielplatz Landespensionistenheim Laa,2136, Laa an der Thaya;N;48.721.861;16.378.394;;
118;2493;Lichtenwörth;Kirchenplatz 3;;2005;Spielplatz Lichtenwörth;Spielplatz Lichtenwörth,2493, Lichtenwörth;N;47.831.946;16.294.526;;
119;3392;Dunkelsteinerwald/Mauer;;Süßgraben in Mauer;2006;Spielplatz Mauer;Spielplatz Mauer,3392, Dunkelsteinerwald/Mauer;N;48.225.814;15.412.171;;
120;2304;Orth an der Donau;Graf-Salm-Gasse;;2003;Spielplatz Meierhof;Spielplatz Meierhof,2304, Orth an der Donau;N;48.147.762;16.700.886;;
121;3662;Münichreith-Laimbach;Kindergartenweg;;2006;Ostronger Kinderparadies;Ostronger Kinderparadies,3662, Münichreith-Laimbach;N;48.266.316;15.127.363;;
122;3564;Plank am Kamp;Kirchengasse;;;Spielplatz neben Strandbad;Spielplatz neben Strandbad,3564, Plank am Kamp;N;48.555.178;15.679.275;;
123;3270;Neustift bei Scheibbs;Wertheimgasse;;2004;Spielplatz Neustift;Spielplatz Neustift,3270, Neustift bei Scheibbs;N;47.992.908;15.161.436;;
124;2880;Otterthal;;;2006;Spielplatz Otter;Spielplatz Otter,2880, Otterthal;N;47.621.295;15.936.164;;
125;3532;Rastenfeld;;;2005;Spielplatz Peygarten-Ottenstein Hinterfeld;Spielplatz Peygarten-Ottenstein Hinterfeld,3532, Rastenfeld;N;48.584.339;15.328.898;;
126;3140;Pottenbrunn;Ernst Freisingergasse;neben Volksheim;2002;Spielplatz Pottenbrunn;Spielplatz Pottenbrunn,3140, Pottenbrunn;N;48.238.183;15.690.866;;
127;3385;Prinzersdorf;Schubertraße;;2006;Spielplatz Prinzersdorf;Spielplatz Prinzersdorf,3385, Prinzersdorf;N;48.203.953;15.523.440;;
128;3741;Pulkau;Hauptstraße 4;am Park;2002;Spielplatz Pulkau;Spielplatz Pulkau,3741, Pulkau;N;48.704.153;15.862.203;;
129;3109;Ratzersdorf;;;2004;Spielplatz Ratzersdorf;Spielplatz Ratzersdorf,3109, Ratzersdorf;N;48.225.018;15.664.672;;
130;3743;Röschitz;Kirchengasse;;2006;Spielplatz Röschitz;Spielplatz Röschitz,3743, Röschitz;N;48.667.191;15.887.207;;
131;3512;Schenkenbrunn, Bergern i.D.;;direkt im Ort  Schenkenbrunn;2003;Spielplatz Schenkenbrunn;Spielplatz Schenkenbrunn,3512, Bergern i.D.;N;48.343.720;15.485.379;;
132;2193;Wilfersdorf;Hauptstraße 1;Wilfersdorf;2002;Spielplatz Schlossgraben;Spielplatz Schlossgraben,2193, Wilfersdorf;N;48.585.529;16.645.588;;
133;2151;Asparn/Zaya;;gegenüber Schloss Asparn;2006;Spielplatz Schlosswiese;Spielplatz Schlosswiese,2151, Asparn/Zaya;N;48.589.637;16.495.213;;
134;3562;Schönberg;Mollands 80;hinter Feuerwehrhaus;2006;Spielplatz Mollands;Spielplatz Mollands,3562, Schönberg;N;48.514.690;15.672.586;;
135;3900;Schwarzenau;Thayagasse 12;;2005;Spielplatz Schwarzenau;Spielplatz Schwarzenau,3900, Schwarzenau;N;48.741.539;15.263.121;;
136;3322;Seisenegg, Gem. Viehdorf;Meierhof Nr 3;;;Spielplatz Seisenegg;Spielplatz Seisenegg,3322, Seisenegg, Gem. Viehdorf;N;48.135.822;14.921.394;;
137;3133;Traismauer;;;2002;Spielplatz Siedlung;Spielplatz Siedlung,3133, Traismauer;N;48.353.722;15.746.176;;
138;3714;Sitzendorf an der Schmida;;;2006;Spielplatz Sitzendorf;Spielplatz Sitzendorf,3714, Sitzendorf an der Schmida;N;48.599.517;15.943.199;;
139;3904;Vitis;;;2005;Spielplatz Sonnensiedlung;Spielplatz Sonnensiedlung,3904, Vitis;N;48.762.376;15.180.312;;
140;3390;Melk;Abt Karl-Straße;;2004;Spielplatz Stadtpark;Spielplatz Stadtpark,3390, Melk;N;48.225.988;15.330.717;;
141;3511;Furth bei Göttweig;Stift Göttweig;direkt neben dem Eingang des Benediktinerstiftes Göttweig;2010;Spielplatz beim Stift Göttweig;Spielplatz Stift Göttweig , 3511 Furth bei Göttweig;N;48.383.921;15.647.615;;
142;2763;Waidmannsfeld;;;2006;Spielplatz Neusiedl;Spielplatz in Neusiedl,2763, Waidmannsfeld;N;47.893.526;15.962.861;;
143;2831;Warth;;beim Promenadenweg in Warth;2004;Spielplatz Warth;Spielplatz Warth,2831, Warth;N;47.657.712;16.134.652;;
144;3680;Hofamt Priel;Weinserstraße 45;;2005;Spielplatz Weins;Spielplatz Weins,3680, Hofamt Priel;N;48.199.246;15.030.531;;
145;3652;Weitenegg;Weitenegg 8;;2006;Spielplatz Weitenegg im Freizeitzentrum;Spielplatz Weitenegg im Freizeitzentrum,3652, Weitenegg;N;48.229.596;15.296.548;;
146;2084;Weitersfeld;;;2004;Spielplatz Weitersfeld;Spielplatz Weitersfeld,2084, Weitersfeld;N;48.784.667;15.810.621;;
147;2351;Wiener Neudorf;Schloßmühlplatz 1;im Klosterareal;2002;Spielplatz Wiener Neudorf;Spielplatz Wiener Neudorf,2351, Wiener Neudorf;N;48.084.370;16.321.298;;
148;2164;Wildendürnbach;;;2005;Spielplatz Wildendürnbach;Spielplatz Wildendürnbach,2164, Wildendürnbach;N;48.756.916;16.504.154;;
149;3571;Gars am Kamp;;;2003;Spielplatz Wörth;Spielplatz Wörth,3571, Gars am Kamp;N;48.595.505;15.657.955;;
151;2492;Zillingdorf;;;2002;Spielplatz Zillingdorf;Spielplatz Zillingdorf,2492, Zillingdorf;N;47.849.766;16.323.281;;
152;3163;Rohrbach an der Gölsen;An der Sägemühle;in Unterrohrbach, an der Straße Sägemühle;2003;Spieltraum Rohrbach;Spieltraum Rohrbach,3163, Rohrbach an der Gölsen;N;48.045.143;15.738.369;;
153;2813;Lichtenegg;Waldspielplatz Lichtenegg;der Spielplatz liegt in einem Wald und ist nur zu Fuß erreichbar;2005;Spiellandschaft Lichtenegg - Kaltenberg;Spiellandschaft Lichtenegg - Kaltenberg,2813, Lichtenegg;N;47.603.519;16.186.744;;
154;3701;Unterthern;;Gemeinde Heldenberg, zwischen Oberthern und Unterhern;;Weidenspielplatz Unterthern;Weidenspielplatz Unterthern,3701, Unterthern;N;48.511.300;16.000.196;;
155;2020;Hollabrunn;Mühlgasse 35;"zwischen Museum &quot;Alte Hofmühle&quot; und HBLA";2000;Wasserpark Hollabrunn;Wasserpark Hollabrunn,2020, Hollabrunn;N;48.566.006;16.085.295;;
156;3602;Rossatz;;in Rossatz-Arnsdorf, am Ortsrand in der Nähe des Augebietes;2001;Indianerspielplatz;Abenteuerspielplatz (Indianerspielplatz),3602, Rossatz;N;48.398.383;15.511.716;;
157;2161;Poysdorf;Milleniumstraße 48;;2001;Milleniumspark;Milleniumspark,2161, Poysdorf;N;48.660.514;16.633.351;;
158;3970;Moorbad Harbach;Spielplatz für Erwachsene;Nahe der Kuranstalt;;Motorikpark Hirschenwies;Motorikpark Hirschenwies,3970, Moorbad Harbach;N;48.684.701;14.755.199;;
159;2051;Wolkersdorf;Alter Markt;Alter Markt, Kreuzung Feldweg auf Höhe Roseneck;2007;Spielplatz Alter Markt;Spielplatz Wolkersdorf,2051, Wolkersdorf;N;48.387.943;16.509.692;;
160;2440;Moosbrunn;Trumauer Straße;neben Eisteich in Moosbrunn,;2007;Spielplatz Eisteich;Spielplatz Moosbrunn,2440, Moosbrunn;N;48.016.526;16.449.653;;
161;2602;Blumau-Neurisshof;Denkmalplatz;Koloniestraße, Denkmalplatz;2007;Spielplatz am Denkmalplatz;Spielplatz Blumau-Neurisshof,2602, Blumau-Neurisshof;N;47.927.387;16.302.205;;
162;2352;Gumpoldskirchen;Aleeweg;Alleeweg, beim Kindergarten, nahe Kreuzung Wienerstraße;2007;Spielplatz Gumpoldskirchen;Spielplatz Gumpoldskirchen,2352, Gumpoldskirchen;N;8.039.572;16.285.465;;
163;2525;Schönau an der Triesting;Augasse;"Naherhohlungsgebiet ""Weißbleiche"", am Ende der Augasse";2007;Auspielplatz;Spielplatz Schönau,2525, Schönau an der Triesting;N;47.932.623;16.246.377;;
164;2380;Perchtoldsdorf;Begrischpark;im Begrischpark, an der Roseggergasse;2007;Waldspielplatz Begrischpark;Waldspielplatz Begrischpark,2380, Perchtoldsdorf;N;48.118.183;16.256.724;;
165;2852;Hochneukirchen-Gschaidt;Gartenriegel, Hochneukirchen-Gschaidt;In Hochneukirchen, am Gartenriegel;2007;Spielplatz Hochneukirchen;Spielplatz Hochneukirchen-Gschaidt,2852, Hochneukirchen;N;47.458.265;16.199.061;;
166;2000;Stockerau;Senningbach, C.Felkel-Straße;C.Felkel-Straße, angrenzend an Senningbach;2007;Kinderspielplatz Stockerau;Kinderspielplatz Stockerau,2000, Stockerau;N;48.390.463;16.229.573;;
167;2062;Seefeld-Kadolz;Gartensiedlung;Gartensiedlung, Großkadolz;2007;Spielplatz;Spielplatz Seefeld-Kadolz,2062, Seefeld-Kadolz;N;47.458.285;16.199.058;;
168;3052;Neustift-Innermanzing;;gegenüber dem Erlebnisteich;2007;Spielplatz am Erlebnisteich;Spielplatz Neustift-Innermanzing,3052, Innermanzing;N;48.137.405;15.911.391;;
169;3180;Lilienfeld;Prefastraße, Marktl;am Ende der Prefastraße (oberhalb nur mehr Wald);2007;Spielplatz Marktl;Spielplatz Lilienfeld,3180, Lilienfeld;N;48.024.523;15.602.369;;
170;3508;Paudorf;;in Krustetten am Ortsende links, am höchsten Punkt,  Richtung Nussdorf;2007;Spielplatz Krustetten;Spielplatz Krustetten,3508, Paudorf;N;48.360.565;15.667.029;;
171;3500;Krems;Donaulände Krems-Stein;direkt bei der Schiffsanlegestelle in Krems-Stein (westlich), an der Donaulände;2007;Spielplark Krems-Stein;Spielplatz Krems-Stein,3500, Krems;N;48.402.641;15.586.606;;
172;3613;Albrechtsberg;Albrechtsberg;keine Straßenbezeichnung bekannt;2007;Wasserspielplatz Albrechtsberg;Wasserspielplatz Albrechtsberg,3613, Albrechtsberg;N;48.462.264;15.361.455;;
173;3842;Thaya;Thaya, Zwettler Bundesstraße;hinter der Kirche, Kreuzung Zwettler Bundesstraße - Florianigasse;2007;Spielplatz Thaya;Spielplatz Thaya,3842, Thaya;N;48.856.562;15.291.953;;
174;3375;Krummnussbaum;Krummnussbaum;an der Hauptstraße, zw. Wörthweg und  Freizeitzentrum;2007;Spielplatz Krummnussbaum;Spielplatz Krummnussbaum,3375, Krummnussbaum;N;48.209.210;15.168.886;;
175;3664;Martinsberg;Landstraße;neben der Hauptschule, Martinsberg 135, gegenüber der Freiwilligen Feuerwehr;2007;Spielplatz Martinsberg;Spielplatz Martinsberg,3664, Martinsberg;N;48.376.783;15.149.294;;
176;2095;Amaliendorf;Thayatalstraße-Ringstraße-Hauptstraße;im Bereich Thayatalstraße-Ringstraße-Hauptstraße;2007;Spielplatz Aalfang;Spielplatz Amaliendorf-Aalfang,2095, Amaliendorf;N;48.836.354;15.095.977;;
177;3261;Steinakrichen am Forst;Michael-Rab Straße;neben Michael-Rab Straße 22,;2007;Spielplatz Michael-Rab Straße;Spielplatz Seinakirchen am Forst,3261, Steinakirchen am Forst;N;48.070.288;15.043.609;;
178;3293;Lunz am See;St. Johannesstraße, Seepromenade;entlang der Seepromenade, nahe der Kreuzung St. Johannes Straße;2007;Spielplatz Lunz;Spielplatz Lunz,3293, Lunz am See;N;47.859.306;15.028.209;;
179;3371;St. Martin-Karlsbach;St. Martin;"in der ""Hauptortschaft"" St. Martin, neben dem Weg (Sackgasse) zum Tennisplatz, keine Straßennamen bekannt";2007;Spielplatz St. Martin;Spielplatz St. Martin,3371, St. Martin-Karlsbach;N;48.163.049;15.023.544;;
180;3300;Amstetten;Negrellistraße;am Ende der Negrellistraße, links;2007;Spielplatz Negrellistraße;Spielplatz Amstetten-Negrellistraße,3300, Amstetten;N;48.118.127;14.889.583;;
181;3311;Zeillern;Ludwigsdorf;in Ludwigsdorf;2007;Spielplatz Ludwigsdorf;Spielplatz Ludwigsdorf,3311, Zeillern;N;48.119.690;14.809.464;;
182;2293;Marchegg;Schulplatz;ehemaliger Fußballplatz direkt neben der Volks- und Hauptschule;2007;Spielplatz Marchegg;Spielplatz Marchegg,2293, Marchegg;N;48.265.891;16.906.686;;
183;3684;St.Oswald;St.Oswald 59;direkt hinter der Volksschule von St. Oswald (diese liegt an der Hauptstraße;2007;Spielplatz St. Oswald;Spielplatz St. Oswald,3684, St. Oswald;N;48.266.832;15.037.416;;
185;3300;Amstetten;Hamarsbergweg;In Ulmerfeld, direkt neben Kindergarten;2008;Spielplatz Heidengarten;Spielplatz Ulmerfeld,3300, Amstetten;N;48.079.376;14.827.159;;
186;3252;Bergland;Landfriedstetten Nr. 3;In Landfriedstetten, neben dem Lindenstadion (Sportplatz);2008;Spielplatz Landfriedstetten;Spielplatz Landfriedstetten,3252, Bergland;N;48.154.623;15.189.028;;
187;2095;Drosendorf;Horner Straße 24;Direkt neben der Volks- und Hauptschule Drosendorf;2008;Spielplatz Drosendorf;Spielplatz Drosendorf,2095, Drosendorf-Zissersdorf;N;48.864.716;15.622.443;;
188;2154;Gaubitsch;Brunnweg;In Altenmarkt, Nähe Brunnwegsiedlung;2008;"Spielplatz Gaubitsch ""Weintraubengarten""";Spielplatz Altenmarkt,2154, Gaubitsch;N;48.671.199;16.388.973;;
189;3493;Gedersdorf;Donaugasse;In der Donaugasse, am Ende der Siedlung;2008;"Spielplatz Theiß ""Donaugasse""";Spielplatz Theiß,3494, Gedersdorf;N;48.396.678;15.688.849;;
190;2152;Gnadendorf;Eichenbrunn Nr. 46;In Eichenbrunn, direkt im Ort, Nähe Kirche;2008;Spielplatz Eichenbrunn;Spielplatz Eichenbrunn,2152, Gnadendorf;N;48.619.654;16.357.023;;
191;3484;Grafenwörth;Untere Ortsstraße;Direkt im Ort Jettsdorf;2008;Spielplatz Jetzdorf;Spielplatz Jettsdorf,3483, Grafenwörth;N;48.403.011;15.762.147;;
192;3942;Hirschbach;Sportplatzweg;Gegenüber der Sportanlage Hirschbach;2008;Spielplatz Hirschbach;Spielplatz Hirschbach,3942, Hirschbach;N;48.748.321;15.125.102;;
193;2136;Laa an der Thaya;Höhe Franz Lehar-Gasse und Thermenallee;"Neben der Siedlung ""Neustadt"" in Laa";2008;"Spielplatz ""Neustadt II""";Spielplatz Laa an der Thaya,2136, Laa an der Thaya;N;48.728.613;16.399.670;;
194;3550;Langenlois;Dechantstraße 19;"Gebiet ""Lange Sonne"", direkt neben Pflegezentrum FOQUS";2008;Spielplatz Lange Sonne;Spielplatz für Jung & Alt Langenlois,3550, Langenlois;N;48.479.309;15.672.657;;
195;2821;Lanzenkirchen;Dammgasse;"Im Augebiet, direkt neben Radweg ""EUROVelo 9""";2008;Spielplatz Lanzenkirchen;Spielplatz Lanzenkirchen,2821, Lanzenkirchen;N;47.744.481;16.237.393;;
196;2452;Mannersdorf;Siedlergasse;In Wasenbruck;2008;Spielplatz Wasenbruck;Spielplatz Wasenbruck,2452, Mannersdorf am Leithagebirge;N;47.989.251;16.560.494;;
197;2130;Mistelbach;Obere Siedlungsstraße 1A;"im Stadtwald, Nähe GH ""Martinsklause""";2008;Spielplatz Totenhauer;Spielplatz Mistelbach,2130, Mistelbach;N;48.591.024;16.570.303;;
198;3622;Mühldorf;Unteranna 6;Im Ortsteil Ötz, gegenüber Erlebnisbad Mühldorf;2008;Spielplatz Ötz;Spielplatz Ötz,3622, Mühldorf;N;48.377.866;15.342.712;;
199;3872;Schrems;3872 Langegg;In der KG Langegg neben Sportplatz;2008;Spielplatz Langegg;Spielplatz Langegg,3943, Schrems;N;48.836.991;15.049.837;;
200;3423;St.Andrä-Wördern;Dr. Karl Renner-Allee 14;In Wördern, direkt neben Sportplatz;2008;Spielplatz St. Andrä Wördern;Spielplatz Wördern,3423, St. Andrä-Wördern;N;48.332.203;16.209.668;;
201;4303;St.Pantaleon-Erla;Ringstraße 12;Gegenüber der Volksschule St. Pantaleon;2008;Spielplatz St. Pantaleon;Spielplatz St. Pantaleon-Erla,4303, St. Pantaleon;N;48.210.819;14.566.978;;
202;2134;Staatz;Wultendorf 70 und 116;Spielplatz im Pfarrgarten und bei Hoppel di Poppel;2008;Spiellandschaft Staatz;Spielplatz Wultendorf,2134, Staatz;N;48.662.657;16.463.457;;
203;3552;Stratzing;;Inmitten von Obst- und Weingärten am Ortsende von Stratzing, gegenüber Reitkoppel;2008;"Spielplatz ""Sunogeln""";Spielplatz Stratzing,3552, Stratzing;N;48.450.969;15.597.054;;
204;2604;Theresienfeld;Rilkegasse;Am Ende der Rilkegasse;2008;Spielplatz Theresienfeld;Spielplatz Theresienfeld,2604, Theresienfeld;N;47.860.405;16.261.313;;
205;3961;Waldenstein;;Direkt im Ort, Nähe Dorfplatz;2008;Spielplatz Waldenstein;Spielplatz Waldenstein,3961, Waldenstein;N;48.728.754;15.015.478;;
206;3313;Wallsee-Sindelburg;Beim Donaualtarm;Beim Wassersportzentrum Wallsee, zw. Pfadfinder u. Tennisplätzen;2008;Wasiki-Land;Spielplatz Wallsee,3313, Wallsee-Sindelburg;N;48.170.383;14.711.520;;
207;3435;Zwentendorf an der Donau;;In Erpersdorf direkt in einem Wohngebiet;2008;Spielplatz Erpersdorf;Spielplatz Erpersdorf,3435, Zwentendorf an der Donau;N;48.334.887;15.921.118;;
256;3430;Tulln an der Donau;Ludwig-van-Beethofenstraße;Im Komponistenviertel von Tulln, Nähe Landeskrankenhaus;2008;"Spielplatz ""Komponistenviertel""";Spielplatz Tulln an der Donau,3430, Tulln an der Donau;N;48.318.184;16.060.336;;
257;3321;Ardagger;Ardagger 145;im Komplex der Volks/Hauptschule Ardagger;2009;Schulfreiraum Ardagger;Schulfreiraum Ardagger,3321 Ardagger;N;48.175.218;14.829.965;;
258;3071;Böheimkirchen;Am Berg 4;zwischen Schulkomplex VS Böheimkirchen (bei der Kirche vorbei);2009;Schulfreiraum Böheimkirchen;Schulfreiraum Böheimkirchen,3071 Böheimkirchen;N;48.197.188;15.761.609;;
259;2483;Ebreichsdorf;Wiener Straße;beim Tennisplatz, nach dem FF-Haus (& Parkplatz);2009;Spielplatz Ebreichsdorf;Spielplatz Ebreichsdorf,2483 Ebreichsdorf;N;47.971.286;16.398.810;;
260;3730;Eggenburg;Mozartstrasse 12;bei der Volksschule Eggenburg;2009;Schulfreiraum Eggenburg;Schulfreiraum Eggenburg,3730 Eggenburg;N;48.647.718;15.815.582;;
261;2133;Fallbach, KG Loosdorf;;in Loosdorf auf einem Hügel am Ende der Ortschaft;2009;Spielplatz Loosdorf;Spielplatz Loosdorf,2133 Fallbach;N;48.655.357;16.417.876;;
262;2401;Fischamend;Am Rosenhügel;"im Siedlungsgebiet ""Am Rosenhügel""";2009;"Spielplatz am Rosenhügel, ""Fische-Welle-Spiel""";Spielplatz Fischamend,2401 Fischamend;N;48.114.348;16.620.440;;
263;2564;Furth;Festplatz;hinter dem Kindergarten und der Schule;2009;Spielplatz Furth an der Triesting;Spielplatz Furth an der Triesting,2564 Furth/Triesting;N;47.972.420;15.974.294;;
264;3492;Etsdorf;Hauptstraße 109;im Komplex der HS/PTS Grafenegg;2009;Schulfreiraum Grafenegg;Schulfreiraum Grafenegg,3492 Etsdorf;N;48.446.220;15.738.948;;
265;2171;Herrnbaumgarten;gegenüber Hauptstraße 99;am Ende der Ortschaft Herrnbaumgarten, beim Sportplatz;2009;Spielplatz Herrnbaumgarten;Spielplatz Herrnbaumgarten,2171 Herrnbaumgarten;N;48.697.965;16.689.341;;
266;3131;Inzersdorf;Siedlungsstrasse/ Feldweg;inmitten von Wohnhausanlagen, in der Nähe von Sportplatz und Kirche;2009;"Spielplatz ""Getziwiese""";Spielplatz Inzersdorf-Getzersdorf,3131 Inzersdorf;N;48.314.426;15.681.417;;
267;3441;Judenau-Baumgarten;Hauptstraße 28;unmittelbar bei der VS Judenau-Baumgarten;2009;Schulfreiraum Judenau-Baumgarten;Schulfreiraum Judenau-Baumgarten,3441 Judenau-Baumgarten;N;48.281.098;16.023.884;;
268;3241;Kirnberg;Sonnenweg 3;in der Nähe vom Fußballplatz;2009;Spielplatz Kirnberg;Spielplatz Kirnberg an der Mank,3241 Kirnberg an der Mank;N;48.073.700;15.318.005;;
269;3552;Lengenfeld;Florianiplatz;unmittelbar beim Feuerwehrhaus, Arzt und Sportplatz;2009;Spielplatz Lengenfeld;Spielplatz Lengenfeld,3552 Lengenfeld;N;48.471.231;15.607.967;;
270;2340;Mödling;Hyrtlstraße/Schulweg;zentral am Mödlingbach im Hyrtlpark;2009;Spielplatz Mödling;Spielplatz Mödling,2340 Mödling;N;48.084.918;16.305.369;;
272;2511;Pfaffstätten;Dr.Josef-Dolp Straße;am Ortsrand von Pfaffstätten inmitten von Weingärten;2009;Spielplatz Pfaffstätten;Spielplatz Pfaffstätten,2511 Pfaffstätten;N;48.019.793;16.266.953;;
273;3525;Sallingberg KG Armschlag;Mohngartenstadl;in Armschlag, neben dem Mohndorf, davor ist der große Parkplatz des Mohndorfes;2009;Mohngartenspielplatz Armschlag;Spielplatz Sallingberg KG Armschlag,3525 Sallingberg;N;48.466.761;15.230.156;;
274;3491;Straß im Straßertal;neben dem Kindergarten;Ortskern von Straß, unmittelbar neben Kindergarten;2009;Spielplatz Straß;Spielplatz Straß im Straßertal,3491 Straß;N;48.471.048;15.738.436;;
275;3261;Wolfpassing;zwischen Eisenbahn und Hummelbach;zentral im Dorfgebiet Wolfpassing, neben dem Fußballplatz;2009;Spielplatz Wolfpassing;Spielplatz Wolfpassing,3261 Wolfpassing;N;48.078.292;15.063.119;;
276;2211;Pillichsdorf;neben dem Fußballplatz unweit des Ortszentrums;unmittelbar neben dem Fußballplatz und Tenniszentrum, neben der Bahn und dem Radweg;2010;Spielplatz Pillichsdorf;Spielplatz Pillichsdorf , 2211 Pillichsdorf;N;48.364.564;16.541.112;;
277;2304;Orth an der Donau;Am Markt 30;direkt bei der VS Orth an der Donau;2009;Schulfreiraum Orth an der Donau;Schulfreiraum Orth an der Donau,2304 Orth an der Donau;N;48.146.596;16.704.419;;
278;2460;Bruck an der Leitha;Harrachpark;Harrachpark, Eingang Kreisverkehr Rohrauer Strasse;2010;Spielplatz im Harrachpark;Spielplatz Bruck an der Leitha , 2460 Bruck an der Leitha;N;48.025.909;16.778.966;;
279;3160;Traisen;Dolezalstraße;im Ortsteil Traisen-Siedlung, Winklerwald- Linzerhof;2010;Spielplatz Traisen;Spielplatz Traisen , 3160 Traisen;N;48.048.224;15.624.996;;
280;3211;Loich;direkt im Ort Loich;direkt im Ort, oberhalb der Kirche, der Volksschule und des Gemeindeamtes;2010;Schulfreiraum Loich;Schulfreiraum/ Spielplatz Loich , 3211 Loich;N;47.996.484;15.401.542;;
281;3423;St.Andrä-Wördern;Greifensteiner Strasse 22;direkt neben der Volksschule St.Andrä-Wördern;2010;Schulfreiraum St.Andrä-Wördern;Schulfreiraum St.Andrä-Wördern , 3423 St.Andrä-Wördern;N;48.322.832;16.211.087;;
282;3470;Kirchberg am Wagram;neben dem Alchemistenpark;unmittelbar beim Alchemistenpark, gegenüber vom Friedhof;2010;Spielplatz Kirchberg am Wagram;Spielplatz Kirchberg am Wagram , 3470 Kirchberg am Wagram;N;48.435.375;15.902.369;;
283;3683;Yspertal;neben dem Kindergarten und der HLUW;neben dem Kindergarten und der HLUW Yspertal;2010;Spielplatz Yspertal;Spielplatz Yspertal , 3683 Yspertal;N;48.286.267;15.064.292;;
284;3691;Nöchling;direkt im Ortszentrum Nöchling;direkt im Ort, neben dem Friedhof und hinter einem großen Parkplatz;2010;Spielplatz Nöchling;Spielplatz Nöchling , 3691 Nöchling;N;48.224.287;14.982.767;;
285;3511;Thallern;;;;Spielplatz Thallern;Spielplatz Thallern,3511, Thallern;N;48.383.662;15.647.787;;
286;2212;Groß Engersdorf;Bahngasse;am Ortsrand nebem dem Sportzentrum;2011;Spielplatz Groß Engersdorf;Spielplatz Gross Engersdorf,2212, Groß Engersdorf;N;48.357.865;16.569.863;;
287;2620;Neunkirchen KG Mollram;Gartengasse;;2011;Spielplatz Mollram;Spielplatz Mollram,2620, Neunkirchen;N;47.759.244;16.088.384;;
288;2171;Poysdorf;VS Poysdorf Wiener Straße 3;Schulfreiraum;2011;Schulfreiraum VS Poysdorf;Schulfreiraum VS Poysdorf,2171, Poysdorf;N;48.696.763;16.680.496;;
289;3594;Pölla KG Franzen;Franzen 2;neben Jugendgästehaus;2011;Spielplatz Pölla KG Franzen;Spielplatz Pölla KG Franzen,3594, Pölla KG Franzen;N;48.619.301;15.396.101;;
290;3931;Schweiggers;Am Schulberg;neben Tennisplatz;2011;Spielplatz Schweiggers;Spielplatz Schweiggers ,3931, Schweiggers;N;48.668.392;15.065.276;;
291;3362;Öed-Öhling;;neben VS Oed, direkt neben dem Friedhof;2013;Spielplatz Oed-Öhling;Spielplatz Oed, 3362, Oed-Öhling;N;48.121.835;14.738.493;;
292;2464;Göttlesbrunn-Arbesthal;Florianigasse;neben VS Oed, direkt neben dem Friedhof;2013;Spielplatz Göttlesbrunn-Arbesthal;Spielplatz Göttlesbrunn-Arbesthal, 2464, Göttlesbrunn;N;48.055.464;16.742.210;;
293;2232;Aderklaa;;an der Ortseinfahrt in Richtung Gänserndorf links;2013;Spielplatz Aderklaa;Spielplatz Aderklaa, 2232, Aderklaa;N;48.285.080;16.534.115;;
294;2273;Hohenau a.d. March;;;2013;Spielplatz Hohenau a.d. March;Spielplatz, 2273, Hohenau an der March;N;48.610.860;16.897.434;;
295;2070;Retz;;;2013;Spielplatz Retz;Spielplatz, 2070, Retz;N;48.759.952;15.957.966;;
296;3170;Hainfeld;Badpromenade;Neben dem Freibad Hainfeld;2013;Spielplatz Hainfeld;Spielplatz, 3170, Wien;N;48.035.391;15.774.990;;
297;3650;Pöggstall;;Direkt beim Freibad und Tennisplatz;2013;Spielplatz Pöggstall;Spielplatz, 3650, Pöggstall;N;48.315.124;15.204.732;;
298;3123;Obritzberg;;;2013;Spielplatz Obritzberg;Spielplatz, 3123 , Obritzberg;N;48.289.650;15.601.875;;
299;3462;Absdorf (bei Tulln);Bahnstraße;beim Bahnhof Absdorf, neben Freibad;2013;Spielplatz Absdorf (bei Tulln);Spielplatz, 3462,  Absdorf;N;48.404.965;15.981.691;;
300;3912;Grafenschlag;am Dorfanger;am Dorfanger;2013;spielplatz Grafenschlag;Spielplatz, 3912, Grafenschlag;N;48.499.101;15.170.488;;
301;2853;Bad Schönau;am Kurpark;im Kurzpark Bad Schönau;2014;Spielplatz Bad Schönau;Spielplatz, 2863, Bad Schönau;N;47.490.025;16.232.532;;
302;2222;Bad-Pirawarth;Kurhausstraße;Im Park vor dem Rehazentrum Bad Pirawarth;2014;spielplatz Bad-Pirawarth;Spielplatz, 2222, Bad Pirawarth;N;48.449.467;16.608.177;;
303;3130;VS Herzogenburg;Schulgasse 3;Schulfreiraum;2014;Schulfreiraum VS Herzogenburg;Schulfreiraum VS Herzogenburg, 3130, Herzogenburg;N;48.285.561;15.690.433;;
304;3240;Mank KG Groß Aigen;am Zettlbach;im Ortsgebiet von Groß Aigen, zwischen Radweg und Beachvolleabyllplatz;2014;Spielplatz Mank KG Groß Aigen;Spielplatz, 3240, Mank KG Groß Aigen;N;48.094.802;15.359.775;;
305;3663;Münichreith-Laimbach;;In Laimbach nahe beim Feuerwehrhaus;2014;Spielplatz Münichreith-Laimbach;Spielplatz, 3663 Münichreith-Laimbach;N;48.317.557;15.122.242;;
306;2563;Pottenstein;Hausbergweg 1;neben Hort und VS;2014;Spielplatz Pottenstein;Spielplatz, 2563, Pottenstein;N;47.961.867;16.095.182;;
307;3751;Sigmundsherberg;;;2014;Spielplatz Sigmundsherberg;Spielplatz, 3751, Sigmundsherberg;N;48.686.469;15.748.192;;
308;3620;Spitz an der Donau;Siedlung Erlahof;beim Schifffahrtsmuseum;2014;Spielplatz Spitz an der Donau;Spielplatz, 3620, Spitz an der Donau ;N;48.362.925;15.416.675;;
309;2881;Trattenbach;Trattenbach 76 ;bei der VS Trattenbach;2014;Spielplatz Trattenbach;Spielplatz, 2881, Trattenbach;N;47.602.862;15.892.454;;
310;3424;Zeiselmauer-Wolfpassing;;beim Bahnhof Zeiselmauer/Wolfpassing;2014;Spielplatz Zeiselmauer-Wolfpassing;Spielplatz, 3224, Zeiselmauer-Wolfpassing;N;48.326.292;16.175.634;;
311;3643;VS Maria Laach am Jauerling;Maria Laach Nr. 70;Schulfreiraum;2015;Schulfreiraum VS Maria Laach am Jauerling;Schulfreiraum VS Matria Laa am Jauerling, 3643, Maria Laach am Jauerling;N;48.301.364;15.344.570;;
312;2230;VS Gänserndorf;Siebenbrunnerstraße 7;Schulfreiaum bei VS/ASO;2015;Schulfreiraum VS Gänserndorf;Schulfreiruam VS Gänserndorf , 2230, Gänserndorf;N;48.335.656;16.719.467;;
313;3462;VS Absdorf;Schulstraße 1;Schulfreiraum VS Absdorf;2015;Schulfrieraum VS Absdorf;Schulfreiraum VS Absdorf, 3462, Absdorf;N;48.399.927;15.982.153;;
314;3350;NNÖMS Haag;;Generationenprojekt Haag bei NMS, Spielplatz und Seniorenzentrum Liese Prokopp;2015;Schulfreiraum NNÖMS Haag;Generationenprojekt, 3350, Haag;N;48.111.467;14.575.292;;
315;3352;VS St. Peter in der Au;St. Johann 123;Schulfreiraum VS St. Johann in Engstetten hinter der VS;2015;Schulfreiraum VS St. Peter in der Au;Schulfreiraum VS St. Johann, 3352, St. Peter in der Au;N;48.074.774;14.615.429;;
316;2061;VS Hadres;Hadres 2;Schulfreiraum VS Hadres;2015;Schulfreiraum VS Hadres;Schulfreiraum VS  Hadres, 2061, Hadres;N;48.709.295;16.130.432;;
317;2153;NNÖMS Stronsdorf;Stronsdorf 3;Schulfreiraum NNÖMS Stronsdorf;2015;Schulfreiraum NNÖMS Stronsdorf;Schulfreiraum NMS Stronsdorf, 2153, Stronsdorf;N;48.650.717;16.298.636;;
318;2534;VS Alland;Heiligenkreuzer Str. 151;Schulfreiraum VS Alland;2015;Schulfreiraum VS Alland;Schulfreiraum VS Alland, 2534, Alland;N;48.058.294;16.083.201;;
319;3153;VS Eschenau;Schulgasse 3;Schulfreiraum VS Eschenau;2015;Schulfreiraum VS Eschenau;Schulfreiraum VS Eschenau, 3153, Eschenau;N;48.049.031;15.566.648;;
320;3100;Diözese St. Pölten/KPH Krems;St. Paul Gasse ;Schulfreiraum KPH Krems;2015;Schulfreiraum Diözese St. Pölten/KPH Krems;Schulfreiraum KPH, Krems;N;48.408.541;15.616.738;;
321;2000;VS Stockerau;Schulweg  4;Schulfreiraum VS Stockerau;2015;Schulfreiraum VS Stockerau;Schulfreiraum VS Stockerau;N;48.388.570;16.211.230;;
322;3511;VS Furth bei Göttweig;Kirchengasse 51;Schulfreiraum VS Furth Göttweig;2015;Schulfreiraum VS Furth bei Göttweig;Schulfreiraum VS Furth/Göttweig, 3511, Furth bei Göttweig;N;48.374.017;15.612.542;;
323;3100;VS St. Pölten Viehofen;Austinstraße ;Schulfreiraum VS St. Pölten Viehofen;2015;Schulfreiraum VS St. Pölten Viehofen;Schulfreiraum VS St. Plölten-Viehofen, 3100, St. Pölten;N;48.228.186;15.640.677;;
324;3950;VS Gmünd;Volksheimgasse 4;Schulfreiraum VS Gmünd;2015;Schulfreiraum VS Gmünd;Schulfreiraum VS Gmünd, 3950, Gmünd;N;48.767.331;14.987.179;;
325;3972;VS + NNÖMS Bad Großpertholz;Bad Großpertholz 180;Schulfreiraum VS und NMS Bad Großpertholz;2015;Schulfreiraum VS + NNÖMS Bad Großpertholz;Schulfreiraum VS und NMS Bad Großpertholz, 3972, Bad Großpertholz;N;48.628.572;14.820.931;;
326;2380;VS Perchtoldsdorf;Sebastian-Kneippgasse 20-26;Schulfreiraum VS Perchtoldsdorf;2015;SchulfreiraumVS Perchtoldsdorf;Schulfreiraum VS Perchtoldsdorf, 2380, Perchtoldsdorf;N;48.125.276;16.281.425;;
327;3710;VS Ziersdorf;Erlenaugasse 10;Schulfreiraum VS Ziersdorf;2015;Schulfreiraum VS Ziersdorf;Schulfreiraum VS Ziersdorf, 3710, Ziersdorf;N;48.527.268;15.931.302;;
328;3100;NNÖMS St. Pölten KG Pottenbrunn;Weiglstraße 8;Schulfreiraum NMS Pottenbrunn;2015;SchulfreiraumNNÖMS St. Pölten KG Pottenbrunn;Schulfreiraum NMS Pottenbrunn, 3100, St. Pölten;N;48.238.009;15.689.295;;
329;2320;NNÖMS Schwechat;Europaplatz 1;Schulfreiraum NMS Schwechat Frauenfeld;2015;Schulfreiraum NNÖMS Schwechat;Schulfreiraum NMS Schwechat Frauenfeld, 2320, Schwechat;N;48.133.829;16.465.833;;
330;2873;VS Feistritz am Wechsel;Feistritz am Wechsel 125;Schulfreiraum VS Feistritz am Wechsel;2015;SchulfreiraumVS Feistritz am Wechsel;Schulfreiraum VS Feistritz am Wechsel, 2873, Feistritz am Wechsel;N;47.599.924;16.051.722;;
331;3233;Kilb;;in der Nähe des Kidergartens neben dem betreuten Wohnen;2015;Spielplatz Kilb;Spielplatz, 3233, Kilb;N;48.100.013;15.411.055;;
332;3324;Euratsfeld;;unmittelbar beim Sportplatz;2015;Spielplatz Euratsfeld;Spielplatz, 3324, Euratsfeld;N;48.087.137;14.934.640;;
333;3362;Oed Öhling;;Spieplatz Öhler Mühle in Öhling;2015;Spielplatz Oed Öhling;Spielplatz, 3362, Oed Öhling;N;48.101.185;14.799.537;;
334;2522;Oberwaltersdorf;Erlenweg;;2015;Spielplatz Oberwaltersdorf;Spielplatz, 2522, Oberwaltersdorf;N;47.971.743;16.322.523;;
335;3632;Bad Traunstein;;bei der Freizeitanlage Bad Traunstein;2015;Spielplatz Bad Traunstein;Spielplatz, 3632, Bad Traunstein;N;48.436.782;15.119.075;;
336;2144;Altlichtenwarth;;beim Löschteich der Gem. Altlichtenwarth;2015;Spielplatz Altlichtenwarth;Spielplatz, 2144, Altlichtenwarth;N;48.645.492;16.790.351;;
337;3250;Wieselburg;Neubaugasse ;;2015;Spielplatz Wieselburg;Spielplatz, 3250, Wiesleburg;N;48.138.385;15.141.225;;
338;2803;Schwarzenbach;Föhrensiedlung;;2015;Spielplatz Schwarzenbach;Spielplatz, 2803, Schwarzenbach;N;47.640.893;16.342.764;;
339;2521;Trumau ;Alberndorferstraße;;2015;Spielplatz Trumau ;Spielplatz, 2521, Trumau;N;47.992.310;16.349.654;;
340;3601;Dürnstein;;in der KG Unterloiben beim Kindergarten;2015;Spielplatz Dürnstein;Spielplatz, 3601, Dürnstein;N;48.387.154;15.540.733;;
